response,label,reason
"Label: Extremely Negative
Reason: The tweet mentions empty supermarket shelves and sold-out online grocers due to #coronavirus-fearing shoppers stockpiling. This kind of panic buying behavior can instill fear and anxiety in the community, exacerbating the negative impact of the virus situation.","Extremely Negative
Reason","The tweet mentions empty supermarket shelves and sold-out online grocers due to #coronavirus-fearing shoppers stockpiling. This kind of panic buying behavior can instill fear and anxiety in the community, exacerbating the negative impact of the virus situation."
"Label: Extremely Negative

Reason: The tweet expresses frustration and shock at the exorbitant price of hand sanitizer during the coronavirus outbreak, highlighting how concerns about the virus are driving up prices. This negative sentiment reflects the impact of price gouging on individuals trying to protect themselves during the pandemic.","Extremely Negative

Reason","The tweet expresses frustration and shock at the exorbitant price of hand sanitizer during the coronavirus outbreak, highlighting how concerns about the virus are driving up prices. This negative sentiment reflects the impact of price gouging on individuals trying to protect themselves during the pandemic."
"Label: Extremely Positive
Reason: The tweet emphasizes on the importance of protecting oneself and loved ones from the coronavirus. It aims to provide valuable information and raise awareness about preventive measures, which will ultimately benefit the knowledge of people regarding the virus.","Extremely Positive
Reason","The tweet emphasizes on the importance of protecting oneself and loved ones from the coronavirus. It aims to provide valuable information and raise awareness about preventive measures, which will ultimately benefit the knowledge of people regarding the virus."
"Label: ""Negative""

Reason: The tweet mentions panic buying in New York City after a healthcare worker is confirmed as the first coronavirus patient. This kind of panic buying and fear-inducing language can contribute to misinformation and societal panic, hence representing a negative sentiment.",Negative,"The tweet mentions panic buying in New York City after a healthcare worker is confirmed as the first coronavirus patient. This kind of panic buying and fear-inducing language can contribute to misinformation and societal panic, hence representing a negative sentiment."
"Label: Extremely Negative
Reason: The tweet highlights panic buying behavior related to toilet paper during the Covid-19 pandemic, which can negatively impact public perception and knowledge about the virus. The extreme reaction of panic buying essential items like toilet paper reflects a high level of fear and anxiety among the public, leading to a sense of extreme negativity associated with the situation.","Extremely Negative
Reason","The tweet highlights panic buying behavior related to toilet paper during the Covid-19 pandemic, which can negatively impact public perception and knowledge about the virus. The extreme reaction of panic buying essential items like toilet paper reflects a high level of fear and anxiety among the public, leading to a sense of extreme negativity associated with the situation."
"Label: Positive
Reason: The tweet mentions that prices at the pump are going down due to the impact of the coronavirus. This can be seen as a positive outcome for consumers as it means they are paying less for gas, which could potentially help them save money during these challenging times. This information could provide some relief or positivity to individuals who rely on gas for transportation.
","Positive
Reason","The tweet mentions that prices at the pump are going down due to the impact of the coronavirus. This can be seen as a positive outcome for consumers as it means they are paying less for gas, which could potentially help them save money during these challenging times. This information could provide some relief or positivity to individuals who rely on gas for transportation."
"Label: ""Positive""
Reason: The tweet is referencing voting during the coronavirus outbreak and the importance of hand sanitizer. It promotes the use of hand sanitizer to stay safe during Super Tuesday, which can be seen as a positive and responsible behavior in the context of the coronavirus pandemic.",Positive,"The tweet is referencing voting during the coronavirus outbreak and the importance of hand sanitizer. It promotes the use of hand sanitizer to stay safe during Super Tuesday, which can be seen as a positive and responsible behavior in the context of the coronavirus pandemic."
"Label: Extremely Negative
Reason: The tweet highlights the significant increase in prices of essential protective equipment for health workers amid the COVID-19 pandemic. This information can create a sense of urgency and concern among people regarding the impact on healthcare workers' safety and the unavailability of crucial supplies, leading to an extremely negative sentiment.","Extremely Negative
Reason","The tweet highlights the significant increase in prices of essential protective equipment for health workers amid the COVID-19 pandemic. This information can create a sense of urgency and concern among people regarding the impact on healthcare workers' safety and the unavailability of crucial supplies, leading to an extremely negative sentiment."
"Extremely Negative
This tweet conveys a sense of frustration and concern about the scarcity of essential items like hand sanitizer and masks. The tone is intense and emphasizes the challenges faced due to the unavailability of these items during the pandemic. This can potentially create a sense of worry or panic among readers, hence leading to an extremely negative sentiment.",,
"Label: ""Extremely Positive""
Reason: The tweet does not express any negative sentiment towards the coronavirus situation. Instead, it signifies a positive tone by mentioning the normalcy of going to a supermarket and questioning the significance of tinned tomatoes during the Covid-19 period. Additionally, the use of exclamation marks and the term ""Barmy"" indicates a light-hearted and positive attitude in the context of the pandemic. ",Extremely Positive,"The tweet does not express any negative sentiment towards the coronavirus situation. Instead, it signifies a positive tone by mentioning the normalcy of going to a supermarket and questioning the significance of tinned tomatoes during the Covid-19 period. Additionally, the use of exclamation marks and the term ""Barmy"" indicates a light-hearted and positive attitude in the context of the pandemic. "
"Label: ""Positive""
Reason: The tweet is promoting the availability of high-quality couches at affordable prices, which can be seen as helpful and beneficial to potential buyers. It does not contain any negative sentiment or fear-mongering related to the coronavirus, so it can be categorized as a positive tweet.",Positive,"The tweet is promoting the availability of high-quality couches at affordable prices, which can be seen as helpful and beneficial to potential buyers. It does not contain any negative sentiment or fear-mongering related to the coronavirus, so it can be categorized as a positive tweet."
"Label: Extremely Negative

Reason: The tweet warns about counterfeiters selling fake masks at cheap prices during the coronavirus outbreak. It emphasizes the importance of defeating the coronavirus threat collectively and staying safe. The tweet aims to raise awareness about the dangers of fake protective equipment, which can have severe consequences during a pandemic.","Extremely Negative

Reason","The tweet warns about counterfeiters selling fake masks at cheap prices during the coronavirus outbreak. It emphasizes the importance of defeating the coronavirus threat collectively and staying safe. The tweet aims to raise awareness about the dangers of fake protective equipment, which can have severe consequences during a pandemic."
"Label: ""Extremely Negative""

Reason: The tweet discusses panic food buying related to the coronavirus outbreak in Germany, indicating a high level of fear and anxiety among the population. The mention of panic buying, scarcity of organic products, and the comparison to hamsters hoarding food all contribute to an extremely negative sentiment. The tweet may heighten people's concerns and contribute to a sense of chaos and uncertainty surrounding the virus.",Extremely Negative,"The tweet discusses panic food buying related to the coronavirus outbreak in Germany, indicating a high level of fear and anxiety among the population. The mention of panic buying, scarcity of organic products, and the comparison to hamsters hoarding food all contribute to an extremely negative sentiment. The tweet may heighten people's concerns and contribute to a sense of chaos and uncertainty surrounding the virus."
"Label: Extremely Positive
Reason: The tweet showcases a positive aspect of people being resourceful and finding alternative solutions during the shortage of cleaning supplies due to fear of Coronavirus. It also highlights an educational aspect of teaching others how to make hand sanitizer, which can be seen as a proactive measure against the virus. This positive and proactive behavior during a challenging situation contributes positively to raising awareness and dealing with the virus effectively.","Extremely Positive
Reason","The tweet showcases a positive aspect of people being resourceful and finding alternative solutions during the shortage of cleaning supplies due to fear of Coronavirus. It also highlights an educational aspect of teaching others how to make hand sanitizer, which can be seen as a proactive measure against the virus. This positive and proactive behavior during a challenging situation contributes positively to raising awareness and dealing with the virus effectively."
"Label: Negative
Reason: The tweet mentions being busy watching election returns and Trump nominating a chemical-industry lobbyist during a Covid-19 outbreak. This is considered negative as it implies that important focus and attention were diverted to other matters during a critical time of a health crisis.","Negative
Reason",The tweet mentions being busy watching election returns and Trump nominating a chemical-industry lobbyist during a Covid-19 outbreak. This is considered negative as it implies that important focus and attention were diverted to other matters during a critical time of a health crisis.
"Label: Negative
Reason: The tweet expresses a negative sentiment towards #AirSewa and @flyspicejet for not providing free seats to customers during web check-in, which is seen as discriminatory and against travelers' rights. This negative sentiment can potentially create a negative impact on people's perception of airline services during the COVID-19 pandemic.","Negative
Reason","The tweet expresses a negative sentiment towards #AirSewa and @flyspicejet for not providing free seats to customers during web check-in, which is seen as discriminatory and against travelers' rights. This negative sentiment can potentially create a negative impact on people's perception of airline services during the COVID-19 pandemic."
"Label: ""Positive""
Reason: The tweet is providing information about precautionary measures taken by hotel chains in response to COVID-19. This will help increase awareness and promote safety measures, which is a positive contribution towards handling the pandemic.",Positive,"The tweet is providing information about precautionary measures taken by hotel chains in response to COVID-19. This will help increase awareness and promote safety measures, which is a positive contribution towards handling the pandemic."
"Label: ""Positive""

Reason: The tweet suggests a positive and thoughtful action of buying extra supplies for local food banks during the coronavirus pandemic, showcasing kindness and concern for those in need. It spreads a message of community support and solidarity, which can have a positive impact on raising awareness and encouraging others to help those less fortunate during these challenging times.",Positive,"The tweet suggests a positive and thoughtful action of buying extra supplies for local food banks during the coronavirus pandemic, showcasing kindness and concern for those in need. It spreads a message of community support and solidarity, which can have a positive impact on raising awareness and encouraging others to help those less fortunate during these challenging times."
"Label: Negative

Reason: The tweet expresses a pessimistic outlook on the recovery of the supply chain and predicts a lack of demand in the US and Europe for the next month or two due to the coronavirus impact. This negative sentiment towards the economic impact of the virus on supply and demand chains warrants a ""Negative"" label.","Negative

Reason","The tweet expresses a pessimistic outlook on the recovery of the supply chain and predicts a lack of demand in the US and Europe for the next month or two due to the coronavirus impact. This negative sentiment towards the economic impact of the virus on supply and demand chains warrants a ""Negative"" label."
"Label: Extremely Positive
Reason: The tweet provides valuable information about how long the coronavirus can survive on hard surfaces and offers practical advice on staying clean at the gas pump. This will help increase awareness and educate people on how to protect themselves, making it an extremely positive sentiment.","Extremely Positive
Reason","The tweet provides valuable information about how long the coronavirus can survive on hard surfaces and offers practical advice on staying clean at the gas pump. This will help increase awareness and educate people on how to protect themselves, making it an extremely positive sentiment."
"Label: ""Negative""

Reason: The tweet mentions that people are becoming frightened and engaging in panic shopping, with shelves turning empty and essential items like face masks and disinfection liquid being sold out or at exorbitant prices. This information can potentially escalate fear and panic among readers rather than providing helpful information or reassurance about the virus.",Negative,"The tweet mentions that people are becoming frightened and engaging in panic shopping, with shelves turning empty and essential items like face masks and disinfection liquid being sold out or at exorbitant prices. This information can potentially escalate fear and panic among readers rather than providing helpful information or reassurance about the virus."
"Label: Negative
Reason: The tweet expresses a negative sentiment by highlighting a potential risk associated with using credit/debit cards instead of bitcoin in combating the spread of coronavirus. The mention of the number of people touching keypads at grocery stores or gas stations brings attention to the possible transmission of the virus through surface contact, which can instill fear and concern in people about virus transmission.","Negative
Reason","The tweet expresses a negative sentiment by highlighting a potential risk associated with using credit/debit cards instead of bitcoin in combating the spread of coronavirus. The mention of the number of people touching keypads at grocery stores or gas stations brings attention to the possible transmission of the virus through surface contact, which can instill fear and concern in people about virus transmission."
"Label: Positive
Reason: The tweet discusses the positive performance of gold and specific companies in the context of investments during the impact of the coronavirus. It does not express extreme positivity, but rather a neutral to slightly positive sentiment regarding investments in the face of the coronavirus situation.","Positive
Reason","The tweet discusses the positive performance of gold and specific companies in the context of investments during the impact of the coronavirus. It does not express extreme positivity, but rather a neutral to slightly positive sentiment regarding investments in the face of the coronavirus situation."
"Label: Extremely Negative

Reason: The tweet is criticizing sellers who are taking advantage of people's panic by selling face masks and sanitizers at inflated prices during the Coronavirus outbreak. It is highlighting the misleading information that these items are a ""must-have"" to protect oneself from the virus, which can potentially harm people's understanding of necessary precautions. The tone of the tweet is very negative towards the exploitative behavior of the sellers.","Extremely Negative

Reason","The tweet is criticizing sellers who are taking advantage of people's panic by selling face masks and sanitizers at inflated prices during the Coronavirus outbreak. It is highlighting the misleading information that these items are a ""must-have"" to protect oneself from the virus, which can potentially harm people's understanding of necessary precautions. The tone of the tweet is very negative towards the exploitative behavior of the sellers."
"Label: Negative
Reason: The tweet highlights the negative impact of plunging crude prices on Canada's oilpatch due to OPEC and its allies failing to reach a deal amid the novel #coronavirus situation. It also criticizes the budgeting decisions based on higher oil prices, which could be seen as a negative reflection on the handling of economic strategies related to the virus.","Negative
Reason","The tweet highlights the negative impact of plunging crude prices on Canada's oilpatch due to OPEC and its allies failing to reach a deal amid the novel #coronavirus situation. It also criticizes the budgeting decisions based on higher oil prices, which could be seen as a negative reflection on the handling of economic strategies related to the virus."
"Extremely Positive

This tweet shows proactive and responsible behavior towards protecting oneself from the virus by taking precautions such as having food, water, and masks on hand. The mention of having masks for a month also signifies prior awareness and preparedness. Additionally, the mention of ""hope our Melanin prevails"" suggests a sense of optimism and strength in the face of the virus. Overall, the tweet communicates a positive and proactive attitude towards combating the virus.",,
"Label: ""Negative""
Reason: The tweet portrays a negative scenario of a toilet paper fight in a supermarket aisle due to panic buying related to the coronavirus. It highlights the extreme measures people are taking, which could create fear and anxiety among the public regarding the situation.",Negative,"The tweet portrays a negative scenario of a toilet paper fight in a supermarket aisle due to panic buying related to the coronavirus. It highlights the extreme measures people are taking, which could create fear and anxiety among the public regarding the situation."
"Label: Extremely Negative
Reason: The tweet mentions ""Coronavirus panic spreads"" and ""virus panic-buying hits Los Angeles,"" indicating a high level of panic and chaos surrounding COVID-19. The mention of Costco pulling free samples due to COVID-19 adds to the negative sentiment. This information may contribute to spreading fear and anxiety about the virus, hence classified as Extremely Negative.","Extremely Negative
Reason","The tweet mentions ""Coronavirus panic spreads"" and ""virus panic-buying hits Los Angeles,"" indicating a high level of panic and chaos surrounding COVID-19. The mention of Costco pulling free samples due to COVID-19 adds to the negative sentiment. This information may contribute to spreading fear and anxiety about the virus, hence classified as Extremely Negative."
"Label: Extremely Positive

Reason: The tweet encourages proactive and altruistic behavior by suggesting to donate food, water, and toiletries to local food banks to help others who may not have the means to stock up. It emphasizes the importance of helping those in need before a crisis arises, which promotes a positive and caring approach towards the current situation related to the coronavirus.","Extremely Positive

Reason","The tweet encourages proactive and altruistic behavior by suggesting to donate food, water, and toiletries to local food banks to help others who may not have the means to stock up. It emphasizes the importance of helping those in need before a crisis arises, which promotes a positive and caring approach towards the current situation related to the coronavirus."
"Label: ""Positive""

Reason: The tweet mentions that the coronavirus pandemic has exposed vulnerabilities in the social safety net, which can lead to increased awareness and discussion about the need for improvements in social safety nets and support systems. This message can be seen as positive as it highlights the importance of addressing these issues and taking steps to strengthen social support for individuals during crises like the coronavirus outbreak.",Positive,"The tweet mentions that the coronavirus pandemic has exposed vulnerabilities in the social safety net, which can lead to increased awareness and discussion about the need for improvements in social safety nets and support systems. This message can be seen as positive as it highlights the importance of addressing these issues and taking steps to strengthen social support for individuals during crises like the coronavirus outbreak."
"Label: ""Positive""

Reason: The tweet provides valuable information to New Yorkers by sharing important phone numbers for those who may need to be tested for #coronavirus and for reporting price gouging. This proactive measure to provide resources and support shows a positive and helpful attitude towards dealing with the virus.",Positive,The tweet provides valuable information to New Yorkers by sharing important phone numbers for those who may need to be tested for #coronavirus and for reporting price gouging. This proactive measure to provide resources and support shows a positive and helpful attitude towards dealing with the virus.
"label: ""Positive"" 
Reason: This tweet is providing a helpful tip for pro wrestlers to combat the coronavirus by bringing hand sanitizer to matches as a precaution. It promotes awareness about the importance of hygiene and taking preventive measures, which is a positive contribution in times of the pandemic.",,"This tweet is providing a helpful tip for pro wrestlers to combat the coronavirus by bringing hand sanitizer to matches as a precaution. It promotes awareness about the importance of hygiene and taking preventive measures, which is a positive contribution in times of the pandemic."
"Label: Negative

Reason: This tweet seems to be spreading conspiracy theories and misinformation about the coronavirus, suggesting that fear-mongering tactics are being used to manipulate the American consumer and crash the US market. The mention of ""Qanon"" and the implication of intentionally creating fear for political gain are concerning and could mislead people about the seriousness of the virus.","Negative

Reason","This tweet seems to be spreading conspiracy theories and misinformation about the coronavirus, suggesting that fear-mongering tactics are being used to manipulate the American consumer and crash the US market. The mention of ""Qanon"" and the implication of intentionally creating fear for political gain are concerning and could mislead people about the seriousness of the virus."
"Label: Negative

Reason: The tweet mentions a scenario where Russia's actions on oil prices are speculated to result in ending the dollar as the global reserve currency, leading to potential economic collapse and the need for the US government to respond with #MMT. This narrative is pessimistic and indicates a negative outlook on the future, tied to the COVID-19 situation, which can instill fear or concern in people regarding the impact on the economy during the pandemic.","Negative

Reason","The tweet mentions a scenario where Russia's actions on oil prices are speculated to result in ending the dollar as the global reserve currency, leading to potential economic collapse and the need for the US government to respond with #MMT. This narrative is pessimistic and indicates a negative outlook on the future, tied to the COVID-19 situation, which can instill fear or concern in people regarding the impact on the economy during the pandemic."
"Label: Extremely Negative
Reason: This tweet highlights the panic buying and food rationing fueled by the coronavirus outbreak, which can contribute to spreading fear and anxiety among people. The mention of panic buying and food rationing indicates an extremely negative sentiment associated with the situation.","Extremely Negative
Reason","This tweet highlights the panic buying and food rationing fueled by the coronavirus outbreak, which can contribute to spreading fear and anxiety among people. The mention of panic buying and food rationing indicates an extremely negative sentiment associated with the situation."
"Label: Negative
Reason: The tweet discusses a range of negative topics such as Brexit, austerity, poverty, a crashing economy, and criticism of the UK government. It conveys a sense of pessimism and suggests that the current situation will not end well. While it does not directly mention Covid-19, the overall tone and content of the tweet lean towards a negative sentiment.","Negative
Reason","The tweet discusses a range of negative topics such as Brexit, austerity, poverty, a crashing economy, and criticism of the UK government. It conveys a sense of pessimism and suggests that the current situation will not end well. While it does not directly mention Covid-19, the overall tone and content of the tweet lean towards a negative sentiment."
"Label: Extremely Positive
Reason: The tweet encourages instructors to consider the well-being and compensation of hourly workers during campus closures due to COVID-19, showing empathy and awareness of the impact on vulnerable groups. This proactive approach towards ensuring fair compensation for all staff members reflects a positive and considerate sentiment, making it an extremely positive stance in the context of the current situation.","Extremely Positive
Reason","The tweet encourages instructors to consider the well-being and compensation of hourly workers during campus closures due to COVID-19, showing empathy and awareness of the impact on vulnerable groups. This proactive approach towards ensuring fair compensation for all staff members reflects a positive and considerate sentiment, making it an extremely positive stance in the context of the current situation."
"Label: ""Negative""
Reason: This tweet conveys a negative sentiment towards individuals who prioritize buying toilet paper over essential items like food and water during the Covid-19 crisis. The tone is critical and disapproving, suggesting a lack of awareness or preparedness for the more crucial needs in times of crisis.",Negative,"This tweet conveys a negative sentiment towards individuals who prioritize buying toilet paper over essential items like food and water during the Covid-19 crisis. The tone is critical and disapproving, suggesting a lack of awareness or preparedness for the more crucial needs in times of crisis."
"Label: Extremely Positive

Reason: The tweet provides valuable information about why soap is effective against the SARS-CoV-2 virus and other viruses. It delves into the science behind soap's ability to disrupt the virus's lipid bilayer, thus effectively inactivating the virus. This educational content can help increase awareness and understanding of how to protect against the virus, making it extremely positive in terms of sentiment towards informing and educating people about COVID-19.","Extremely Positive

Reason","The tweet provides valuable information about why soap is effective against the SARS-CoV-2 virus and other viruses. It delves into the science behind soap's ability to disrupt the virus's lipid bilayer, thus effectively inactivating the virus. This educational content can help increase awareness and understanding of how to protect against the virus, making it extremely positive in terms of sentiment towards informing and educating people about COVID-19."
"Label: Extremely Positive

Reason: This tweet acknowledges the fear and uncertainty surrounding the coronavirus outbreak, highlighting the importance of taking preventive measures to protect one's family. It emphasizes the need for individual responsibility and proactive actions in the face of a lack of government support. Overall, this tweet aims to encourage preparedness and empowerment during these challenging times, which can have a positive impact on raising awareness and promoting safety measures against COVID-19.","Extremely Positive

Reason","This tweet acknowledges the fear and uncertainty surrounding the coronavirus outbreak, highlighting the importance of taking preventive measures to protect one's family. It emphasizes the need for individual responsibility and proactive actions in the face of a lack of government support. Overall, this tweet aims to encourage preparedness and empowerment during these challenging times, which can have a positive impact on raising awareness and promoting safety measures against COVID-19."
"Label: Negative
Reason: This tweet seems to be criticizing the idea that seniors, disabled individuals, and veterans should not be included in aid packages related to Covid-19. The mention of checking prices on antibacterial soaps, disinfectants, and safer transportation indicates a negative sentiment towards the lack of consideration for these vulnerable groups during the pandemic. It could potentially create a negative impact on people's understanding of the importance of inclusive support during the Covid-19 crisis.","Negative
Reason","This tweet seems to be criticizing the idea that seniors, disabled individuals, and veterans should not be included in aid packages related to Covid-19. The mention of checking prices on antibacterial soaps, disinfectants, and safer transportation indicates a negative sentiment towards the lack of consideration for these vulnerable groups during the pandemic. It could potentially create a negative impact on people's understanding of the importance of inclusive support during the Covid-19 crisis."
"Label: Extremely Negative

Reason: The tweet highlights the issue of price gouging during the coronavirus pandemic, where Pennsylvanians have reported inflated prices on essential items like disinfectant spray and liquid soap. This kind of exploitative behavior not only takes advantage of people during a crisis but also hinders access to crucial supplies for preventing the spread of the virus, leading to a strong negative sentiment.","Extremely Negative

Reason","The tweet highlights the issue of price gouging during the coronavirus pandemic, where Pennsylvanians have reported inflated prices on essential items like disinfectant spray and liquid soap. This kind of exploitative behavior not only takes advantage of people during a crisis but also hinders access to crucial supplies for preventing the spread of the virus, leading to a strong negative sentiment."
"Label: ""Negative""

Reason: The tweet mentions the bear run in global stock markets, the significant plunge in Dow Jones and S&P500, and the 30% overnight slump in Crude Oil prices due to concerns over the impact of the Coronavirus on the global economy. This negative sentiment is highlighted by the economic repercussions of the virus on a global scale.",Negative,"The tweet mentions the bear run in global stock markets, the significant plunge in Dow Jones and S&P500, and the 30% overnight slump in Crude Oil prices due to concerns over the impact of the Coronavirus on the global economy. This negative sentiment is highlighted by the economic repercussions of the virus on a global scale."
"Label: Extremely Negative

Reason: The tweet mentions scammers taking advantage of fears surrounding the Coronavirus, which can mislead and deceive individuals during a time of heightened concern and vulnerability related to the virus. This negative sentiment is further amplified by the potential harm and misinformation that scammers can spread, making it an extremely negative sentiment.","Extremely Negative

Reason","The tweet mentions scammers taking advantage of fears surrounding the Coronavirus, which can mislead and deceive individuals during a time of heightened concern and vulnerability related to the virus. This negative sentiment is further amplified by the potential harm and misinformation that scammers can spread, making it an extremely negative sentiment."
"Label: Positive
Reason: Despite mentioning the challenges and rising commodity prices due to the COVID-19 virus, the tweet is providing a solution by referencing a webinar from Export Development Canada that helps businesses navigate these challenges. This positive and proactive approach towards addressing the issues related to the virus earns the tweet a positive sentiment label.","Positive
Reason","Despite mentioning the challenges and rising commodity prices due to the COVID-19 virus, the tweet is providing a solution by referencing a webinar from Export Development Canada that helps businesses navigate these challenges. This positive and proactive approach towards addressing the issues related to the virus earns the tweet a positive sentiment label."
"Label: Extremely Positive
Reason: The tweet is offering a practical solution to help those impacted by the pandemic, such as providing refunds for tax credits or borrowing against future credits. This proactive approach and focus on supporting individuals in need during these challenging times contribute positively to the sentiment of the tweet. It promotes a sense of community support and resilience, which can be reassuring and empowering for individuals affected by the crisis.","Extremely Positive
Reason","The tweet is offering a practical solution to help those impacted by the pandemic, such as providing refunds for tax credits or borrowing against future credits. This proactive approach and focus on supporting individuals in need during these challenging times contribute positively to the sentiment of the tweet. It promotes a sense of community support and resilience, which can be reassuring and empowering for individuals affected by the crisis."
"Label: ""Positive""
Reason: The tweet mentions an important step taken to make COVID-19 testing free, which will help ensure cost barriers do not stand in the way of people getting tested. This proactive measure is beneficial and shows a positive approach towards addressing the issue of COVID-19.",Positive,"The tweet mentions an important step taken to make COVID-19 testing free, which will help ensure cost barriers do not stand in the way of people getting tested. This proactive measure is beneficial and shows a positive approach towards addressing the issue of COVID-19."
"Label: ""Negative""

Reason: The tweet downplays the significance of the oil price dip in relation to the COVID-19 pandemic, attributing it solely to OPEC talks collapsing and Saudi's feud with Russia. It also uses a dismissive tone (""Celebrate and calm the hell down.. weirdos""), which may misinform or trivialize the potential impact of COVID-19 on the economy and global health, hence leaning towards a negative sentiment.",Negative,"The tweet downplays the significance of the oil price dip in relation to the COVID-19 pandemic, attributing it solely to OPEC talks collapsing and Saudi's feud with Russia. It also uses a dismissive tone (""Celebrate and calm the hell down.. weirdos""), which may misinform or trivialize the potential impact of COVID-19 on the economy and global health, hence leaning towards a negative sentiment."
"Label: Negative

Reason: The tweet mentions that global stocks plummeted due to fear surrounding #COVID2019 and falling oil prices, causing the biggest one-day drop since the 1991 Gulf War. This news could contribute to increased anxiety and negativity among the public regarding the impact of the virus and economic stability.","Negative

Reason","The tweet mentions that global stocks plummeted due to fear surrounding #COVID2019 and falling oil prices, causing the biggest one-day drop since the 1991 Gulf War. This news could contribute to increased anxiety and negativity among the public regarding the impact of the virus and economic stability."
"Label: Extremely Negative

Reason: The tweet mentions a series of crises that are happening globally, such as the coronavirus damaging health, falling oil prices, US stocks dropping, migration crisis at EU borders, and a housing crisis with skyrocketing rents leading to tenants losing income. The tone of the tweet suggests a strong negative sentiment towards the current global situation, making it an extremely negative sentiment.","Extremely Negative

Reason","The tweet mentions a series of crises that are happening globally, such as the coronavirus damaging health, falling oil prices, US stocks dropping, migration crisis at EU borders, and a housing crisis with skyrocketing rents leading to tenants losing income. The tone of the tweet suggests a strong negative sentiment towards the current global situation, making it an extremely negative sentiment."
"Label: Negative
Reason: The tweet highlights factors that have contributed to the recession, including stagnant wage growth, high consumer debt levels, and casualized work. It also suggests that these economic changes are driven by the government, not focusing on the issue of coronavirus. This negative sentiment towards the government's handling of economic matters could potentially affect public perception of the government's response to the coronavirus situation.","Negative
Reason","The tweet highlights factors that have contributed to the recession, including stagnant wage growth, high consumer debt levels, and casualized work. It also suggests that these economic changes are driven by the government, not focusing on the issue of coronavirus. This negative sentiment towards the government's handling of economic matters could potentially affect public perception of the government's response to the coronavirus situation."
"Label: Positive
Reason: The tweet mentions that New York is releasing a new brand of state-made hand sanitizer with prices ranging from $0.80 - $6 a gallon. This information is positive as it highlights the availability and affordability of hand sanitizers during the Coronavirus outbreak, providing a practical solution for people to stay protected.","Positive
Reason","The tweet mentions that New York is releasing a new brand of state-made hand sanitizer with prices ranging from $0.80 - $6 a gallon. This information is positive as it highlights the availability and affordability of hand sanitizers during the Coronavirus outbreak, providing a practical solution for people to stay protected."
"Label: Extremely Negative

Reason: This tweet is warning people against falling for online offers for vaccinations claiming to treat or cure COVID-19, emphasizing that there are currently no such products available. This could create fear and confusion among people, leading them to make uninformed decisions and potentially putting their health at risk.","Extremely Negative

Reason","This tweet is warning people against falling for online offers for vaccinations claiming to treat or cure COVID-19, emphasizing that there are currently no such products available. This could create fear and confusion among people, leading them to make uninformed decisions and potentially putting their health at risk."
"Label: Extremely Positive

Reason: The tweet is encouraging people who are fortunate enough to have enough resources to consider donating to the @TrussellTrust to help those who may not have the means to stock up during a period of self-isolation. This message promotes kindness, empathy, and community support during the challenging times of the coronavirus outbreak, making it an extremely positive sentiment.","Extremely Positive

Reason","The tweet is encouraging people who are fortunate enough to have enough resources to consider donating to the @TrussellTrust to help those who may not have the means to stock up during a period of self-isolation. This message promotes kindness, empathy, and community support during the challenging times of the coronavirus outbreak, making it an extremely positive sentiment."
"Label: Extremely Positive

Reason: The tweet provides proactive and helpful advice for Americans on how to avoid contracting Covid-19, such as self-quarantine, avoiding unnecessary travel or crowd gatherings, and discussing with employers. This proactive and informative nature of the tweet can help raise awareness and encourage responsible behavior, hence it is classified as Extremely Positive sentiment.","Extremely Positive

Reason","The tweet provides proactive and helpful advice for Americans on how to avoid contracting Covid-19, such as self-quarantine, avoiding unnecessary travel or crowd gatherings, and discussing with employers. This proactive and informative nature of the tweet can help raise awareness and encourage responsible behavior, hence it is classified as Extremely Positive sentiment."
"Label: Extremely Negative

Reason: The tweet highlights various concerning issues related to the coronavirus situation in the USA, such as very high statistics of the virus, government's inability to control it, high prices of disinfectant gel and masks, and rising food prices. These factors collectively portray a highly negative and alarming picture of the coronavirus situation, leading to an ""Extremely Negative"" sentiment.","Extremely Negative

Reason","The tweet highlights various concerning issues related to the coronavirus situation in the USA, such as very high statistics of the virus, government's inability to control it, high prices of disinfectant gel and masks, and rising food prices. These factors collectively portray a highly negative and alarming picture of the coronavirus situation, leading to an ""Extremely Negative"" sentiment."
"Label: Negative
Reason: The tweet mentions a shortage of toilet paper, which can create panic and anxiety among people regarding the availability of essential items during the coronavirus pandemic. The use of emojis like ""??"", and the reference to #CoronaVirus indicates a negative sentiment associated with the current situation.","Negative
Reason","The tweet mentions a shortage of toilet paper, which can create panic and anxiety among people regarding the availability of essential items during the coronavirus pandemic. The use of emojis like ""??"", and the reference to #CoronaVirus indicates a negative sentiment associated with the current situation."
"Label: Negative
Reason: The tweet is likely promoting panic buying (#panicbuying) and does not provide any helpful information or advice regarding the coronavirus (#coronavirus). The use of exclamation marks and hashtags related to panic and fear suggests a negative sentiment.","Negative
Reason",The tweet is likely promoting panic buying (#panicbuying) and does not provide any helpful information or advice regarding the coronavirus (#coronavirus). The use of exclamation marks and hashtags related to panic and fear suggests a negative sentiment.
"Label: ""Extremely Positive""
Reason: The tweet provides important information and reassurance to individuals who have booked tickets for events as part of a package holiday, informing them that they will be offered an alternative or a refund if the event is cancelled due to #Coronavirus. This positive and informative message helps in spreading awareness and alleviating concerns about the impact of the virus on travel plans.",Extremely Positive,"The tweet provides important information and reassurance to individuals who have booked tickets for events as part of a package holiday, informing them that they will be offered an alternative or a refund if the event is cancelled due to #Coronavirus. This positive and informative message helps in spreading awareness and alleviating concerns about the impact of the virus on travel plans."
"Label: ""Negative""
Reason: The tweet is advising residents to stock up for a potential two-week coronavirus quarantine, which may induce fear and panic among the residents. This kind of messaging can contribute to a negative sentiment as it implies a situation of concern and urgency.",Negative,"The tweet is advising residents to stock up for a potential two-week coronavirus quarantine, which may induce fear and panic among the residents. This kind of messaging can contribute to a negative sentiment as it implies a situation of concern and urgency."
"Label: Extremely Negative
Reason: The tweet discusses how the spot LNG prices were already at a record low due to the #Coronavirus and the declaration of force majeure by Chinese companies. It further mentions that contracted LNG became the only way to make money until oil prices collapsed, indicating a big negative impact due to the Coronavirus outbreak.","Extremely Negative
Reason","The tweet discusses how the spot LNG prices were already at a record low due to the #Coronavirus and the declaration of force majeure by Chinese companies. It further mentions that contracted LNG became the only way to make money until oil prices collapsed, indicating a big negative impact due to the Coronavirus outbreak."
"Label: ""Negative""
Reason: The tweet attempts to sensationalize and fearmonger about the COVID-19 situation by falsely connecting it to terrorists holding toilet paper factories hostage. This misinformation could potentially lead to panic and anxiety among the public, causing unnecessary concern and confusion about the actual threat of the virus.",Negative,"The tweet attempts to sensationalize and fearmonger about the COVID-19 situation by falsely connecting it to terrorists holding toilet paper factories hostage. This misinformation could potentially lead to panic and anxiety among the public, causing unnecessary concern and confusion about the actual threat of the virus."
"Label: ""Negative""

Reason: The tweet discusses the negative impact of the novel coronavirus on international business operations, supply chains, travel, commodity prices, consumer confidence, and business forecasts. This may create a sense of worry or concern among readers, indicating a negative sentiment related to the virus.",Negative,"The tweet discusses the negative impact of the novel coronavirus on international business operations, supply chains, travel, commodity prices, consumer confidence, and business forecasts. This may create a sense of worry or concern among readers, indicating a negative sentiment related to the virus."
"Label: Negative

Reason: The tweet acknowledges that lower oil prices, lower interest rates, and fiscal stimulus are beneficial. However, it highlights that the main issue causing a decrease in travel is the fear surrounding the coronavirus and potential quarantine measures. This focus on fear and its impact on people's behavior towards traveling due to the virus leans more towards a negative sentiment.","Negative

Reason","The tweet acknowledges that lower oil prices, lower interest rates, and fiscal stimulus are beneficial. However, it highlights that the main issue causing a decrease in travel is the fear surrounding the coronavirus and potential quarantine measures. This focus on fear and its impact on people's behavior towards traveling due to the virus leans more towards a negative sentiment."
"Label: Positive
Reason: The tweet indicates a positive trend where consumers are adapting to online shopping due to coronavirus, which can help in reducing physical interactions and the spread of the virus. This increased online shopping behavior can be seen as a proactive approach towards adjusting to the current situation and promoting safety measures.","Positive
Reason","The tweet indicates a positive trend where consumers are adapting to online shopping due to coronavirus, which can help in reducing physical interactions and the spread of the virus. This increased online shopping behavior can be seen as a proactive approach towards adjusting to the current situation and promoting safety measures."
"Label: Extremely Negative

Reason: The tweet expresses frustration and judgement towards individuals stockpiling essential goods during the coronavirus outbreak, specifically mentioning people on universal credit. This negative attitude towards the behavior of stockpiling essential goods during a crisis reflects an extremely negative sentiment.","Extremely Negative

Reason","The tweet expresses frustration and judgement towards individuals stockpiling essential goods during the coronavirus outbreak, specifically mentioning people on universal credit. This negative attitude towards the behavior of stockpiling essential goods during a crisis reflects an extremely negative sentiment."
"Label: Extremely Negative
Reason: The tweet expresses concerns about the severity of the situation in Italy due to COVID-19, highlighting the impact on the civilian population and questioning the ability of supermarkets and other businesses to provide essentials. The tone is alarmist and emphasizes the potential consequences of the restrictions being imposed, instilling fear and anxiety in the readers regarding the situation.","Extremely Negative
Reason","The tweet expresses concerns about the severity of the situation in Italy due to COVID-19, highlighting the impact on the civilian population and questioning the ability of supermarkets and other businesses to provide essentials. The tone is alarmist and emphasizes the potential consequences of the restrictions being imposed, instilling fear and anxiety in the readers regarding the situation."
"Label: Positive
Reasoning: The tweet from Trump emphasizes the importance of being vigilant and calm during the coronavirus situation. It also mentions positive aspects such as good things happening and the consumer being powerful in the country due to tax cuts and regulation cuts. This positive tone and message are likely to provide reassurance and encouragement to the public, hence the positive label.","Positive
Reasoning",
"Label: Extremely Positive

Reason: The tweet provides valuable information to help people prepare for being quarantined during the coronavirus outbreak. It suggests the top food items to stock up on for physical and mental health support. By offering practical advice, it contributes positively to public knowledge and preparedness for dealing with the virus situation.","Extremely Positive

Reason","The tweet provides valuable information to help people prepare for being quarantined during the coronavirus outbreak. It suggests the top food items to stock up on for physical and mental health support. By offering practical advice, it contributes positively to public knowledge and preparedness for dealing with the virus situation."
"Label: ""Positive""

Reason: The tweet is encouraging people to support local Chinese restaurants during the COVID-19 panic, which is a positive and supportive gesture. It highlights the struggles these businesses are facing and suggests a way for individuals to help by ordering food from them. Overall, the tweet spreads positivity and a sense of community support during a challenging time.",Positive,"The tweet is encouraging people to support local Chinese restaurants during the COVID-19 panic, which is a positive and supportive gesture. It highlights the struggles these businesses are facing and suggests a way for individuals to help by ordering food from them. Overall, the tweet spreads positivity and a sense of community support during a challenging time."
"Label: Extremely Positive
Reason: The tweet is encouraging individuals to report any instances of price gouging or COVID-19 scams to the Attorney General's Consumer Protection Hotline, aiming to protect consumers and prevent fraudulent activities during the pandemic. This proactive approach towards addressing and preventing such issues related to COVID-19 demonstrates a highly positive sentiment towards promoting safety and consumer rights.","Extremely Positive
Reason","The tweet is encouraging individuals to report any instances of price gouging or COVID-19 scams to the Attorney General's Consumer Protection Hotline, aiming to protect consumers and prevent fraudulent activities during the pandemic. This proactive approach towards addressing and preventing such issues related to COVID-19 demonstrates a highly positive sentiment towards promoting safety and consumer rights."
"Label: Negative
Reason: The tweet mentions Russia's intent to take down the American oil and gas industry, which can create uncertainty and possibly economic instability. This negative sentiment towards the oil industry and market uncertainty may not directly impact the sentiment towards coronavirus, but it indicates a negative outlook in the current situation.","Negative
Reason","The tweet mentions Russia's intent to take down the American oil and gas industry, which can create uncertainty and possibly economic instability. This negative sentiment towards the oil industry and market uncertainty may not directly impact the sentiment towards coronavirus, but it indicates a negative outlook in the current situation."
"Label: ""Negative""
Reason: The tweet highlights a significant decrease in store traffic due to coronavirus, which can have a negative impact on retail businesses and the economy. Additionally, it suggests that a large percentage of retail experts are discussing the negative effects of the virus on store traffic.",Negative,"The tweet highlights a significant decrease in store traffic due to coronavirus, which can have a negative impact on retail businesses and the economy. Additionally, it suggests that a large percentage of retail experts are discussing the negative effects of the virus on store traffic."
"Label: Extremely Positive
Reason: The tweet highlights the positive preparation and readiness of key manufacturers and importers in the distributive trade sector to handle the impact of Covid-19. It reassures the audience that there will be no shortage in critical food items due to the adequate stock maintained by manufacturers and importers. This positive news contributes positively to the knowledge and understanding of people regarding the virus and its potential impact on food supply.","Extremely Positive
Reason",The tweet highlights the positive preparation and readiness of key manufacturers and importers in the distributive trade sector to handle the impact of Covid-19. It reassures the audience that there will be no shortage in critical food items due to the adequate stock maintained by manufacturers and importers. This positive news contributes positively to the knowledge and understanding of people regarding the virus and its potential impact on food supply.
"Label: Extremely Positive
Reason: The tweet provides helpful tips on what food items to stock up on and how to properly store perishable items during the coronavirus outbreak. This information can be valuable for people looking to be prepared and stay safe during this time, contributing positively to public knowledge and awareness about the virus.","Extremely Positive
Reason","The tweet provides helpful tips on what food items to stock up on and how to properly store perishable items during the coronavirus outbreak. This information can be valuable for people looking to be prepared and stay safe during this time, contributing positively to public knowledge and awareness about the virus."
"Label: Negative

Reason: The tweet expresses genuine concern for individuals who may be financially impacted by the COVID-19 outbreak, particularly those who work low wage/hourly jobs and do not have paid sick leave. It highlights the vulnerability of the working poor and their inability to stock up on supplies or stop working, which can lead to increased exposure to the virus. This sentiment, while not extremely negative, still conveys a concerning aspect of how the virus affects marginalized populations.","Negative

Reason","The tweet expresses genuine concern for individuals who may be financially impacted by the COVID-19 outbreak, particularly those who work low wage/hourly jobs and do not have paid sick leave. It highlights the vulnerability of the working poor and their inability to stock up on supplies or stop working, which can lead to increased exposure to the virus. This sentiment, while not extremely negative, still conveys a concerning aspect of how the virus affects marginalized populations."
"Label: ""Negative""

Reason: The tweet contains alarming information about the potential spread and impact of the coronavirus, creating a sense of fear and urgency by advising people to stock up on canned food for a potential doomsday scenario. The tone is negative and fearful, suggesting a bleak outlook for the future due to the virus.",Negative,"The tweet contains alarming information about the potential spread and impact of the coronavirus, creating a sense of fear and urgency by advising people to stock up on canned food for a potential doomsday scenario. The tone is negative and fearful, suggesting a bleak outlook for the future due to the virus."
"Label: Positive
Reason: The tweet provides important updates regarding COVID-19 webinar and various related topics such as oil prices drop, stock market developments, retail sales, and unfolding situations in China and Italy. This information is likely to be educational and informative, hence contributing positively to people's knowledge and awareness about the virus.","Positive
Reason","The tweet provides important updates regarding COVID-19 webinar and various related topics such as oil prices drop, stock market developments, retail sales, and unfolding situations in China and Italy. This information is likely to be educational and informative, hence contributing positively to people's knowledge and awareness about the virus."
"Label: Positive

Reasoning: This tweet highlights the proactive measures taken by Target in response to the coronavirus pandemic, such as increasing cleaning efforts, adding staff, and implementing various safety measures. This positive message demonstrates a responsible and caring approach towards protecting both employees and customers, which can help spread awareness about the importance of taking precautions during this time.","Positive

Reasoning",
"Label: Extremely Positive
Reason: The tweet provides valuable information by advising older folks to stock up on food and stay home amid the #coronavirus outbreak. This proactive approach to protecting vulnerable individuals is considered extremely positive as it promotes awareness and safety measures during the COVID-19 pandemic.","Extremely Positive
Reason",The tweet provides valuable information by advising older folks to stock up on food and stay home amid the #coronavirus outbreak. This proactive approach to protecting vulnerable individuals is considered extremely positive as it promotes awareness and safety measures during the COVID-19 pandemic.
"Label: ""Negative""
Reason: The tweet is spreading fear and panic by mentioning the potential death toll if a large number of people get infected with the coronavirus. It also suggests extreme measures like hunting and fishing for food if one cannot afford to stock up, which can further escalate anxiety and negativity surrounding the virus.",Negative,"The tweet is spreading fear and panic by mentioning the potential death toll if a large number of people get infected with the coronavirus. It also suggests extreme measures like hunting and fishing for food if one cannot afford to stock up, which can further escalate anxiety and negativity surrounding the virus."
"Label: ""Negative""
Reason: The tweet expresses strong disapproval towards any shop or retailer raising prices during the #coronavirus situation, suggesting that they should be boycotted. It also criticizes the government for allowing such greed. This negative sentiment is directed towards the handling of the situation related to the virus, which can have a negative impact on how people perceive the response to the pandemic.",Negative,"The tweet expresses strong disapproval towards any shop or retailer raising prices during the #coronavirus situation, suggesting that they should be boycotted. It also criticizes the government for allowing such greed. This negative sentiment is directed towards the handling of the situation related to the virus, which can have a negative impact on how people perceive the response to the pandemic."
"Label: Extremely Negative
Reason: The tweet dismisses the potential effectiveness of witch hazel in protecting against the coronavirus and DIY hand sanitizer, which could potentially misinform people and lead to a false sense of security in terms of virus protection. The tone of the tweet is highly dismissive and could contribute to a negative sentiment around coronavirus prevention methods.","Extremely Negative
Reason","The tweet dismisses the potential effectiveness of witch hazel in protecting against the coronavirus and DIY hand sanitizer, which could potentially misinform people and lead to a false sense of security in terms of virus protection. The tone of the tweet is highly dismissive and could contribute to a negative sentiment around coronavirus prevention methods."
"Label: Negative
Reason: The tweet is mocking President Trump for his handling of the COVID-19 pandemic, portraying his actions as deceitful and shifting blame onto the consumer. This negative portrayal could potentially spread misinformation and distrust regarding the virus and its management.","Negative
Reason","The tweet is mocking President Trump for his handling of the COVID-19 pandemic, portraying his actions as deceitful and shifting blame onto the consumer. This negative portrayal could potentially spread misinformation and distrust regarding the virus and its management."
"Label: Negative
Reason: The tweet is expressing negative sentiment towards @realDonaldTrump, implying that he is not truthful about the coronavirus and is blaming consumers. This negative sentiment could potentially affect people's understanding and perception of the virus.","Negative
Reason","The tweet is expressing negative sentiment towards @realDonaldTrump, implying that he is not truthful about the coronavirus and is blaming consumers. This negative sentiment could potentially affect people's understanding and perception of the virus."
"Label: Negative
Reason: The tweet mentions that Q1 earnings are heavily impacted by the coronavirus with steep declines in commodity prices and analysts cutting estimates. This aligns with a negative sentiment as it indicates a potential negative impact of the coronavirus on the economy and financial aspects. The information provided may increase people's concerns or worries about the current situation related to the virus.","Negative
Reason",The tweet mentions that Q1 earnings are heavily impacted by the coronavirus with steep declines in commodity prices and analysts cutting estimates. This aligns with a negative sentiment as it indicates a potential negative impact of the coronavirus on the economy and financial aspects. The information provided may increase people's concerns or worries about the current situation related to the virus.
"Label: Extremely Positive

Reason: This tweet provides practical and proactive suggestions for slowing or stopping the spread of COVID-19, such as working remotely, online schooling, staying updated on health information, and ordering groceries online for delivery. These suggestions promote safety and awareness, showing a strong positive sentiment towards taking necessary precautions during the pandemic.","Extremely Positive

Reason","This tweet provides practical and proactive suggestions for slowing or stopping the spread of COVID-19, such as working remotely, online schooling, staying updated on health information, and ordering groceries online for delivery. These suggestions promote safety and awareness, showing a strong positive sentiment towards taking necessary precautions during the pandemic."
"Label: ""Negative""
Reason: The tweet highlights retailers gouging consumers by drastically increasing the prices of essential products like Clorox spray wipes and sanitizers amidst the coronavirus outbreak. This behavior negatively impacts customers who are in need of these items for proper hygiene and protection, leading to a sentiment of disapproval and frustration.",Negative,"The tweet highlights retailers gouging consumers by drastically increasing the prices of essential products like Clorox spray wipes and sanitizers amidst the coronavirus outbreak. This behavior negatively impacts customers who are in need of these items for proper hygiene and protection, leading to a sentiment of disapproval and frustration."
"Label: ""Positive""
Reason: The tweet is providing important information and resources for people to stay safe and informed during the COVID-19 pandemic. It encourages vigilance and reassures that support is available through various hotlines. Overall, it has a positive and helpful tone, aiming to educate and assist the public.",Positive,"The tweet is providing important information and resources for people to stay safe and informed during the COVID-19 pandemic. It encourages vigilance and reassures that support is available through various hotlines. Overall, it has a positive and helpful tone, aiming to educate and assist the public."
"Label: Positive
Reason: The tweet praises the actions of @realDonaldTrump in suspending or eliminating the #payrolltax as a means of enhancing consumer liquidity for working Americans. It does not mention anything negative related to the coronavirus, and it is focused on discussing a positive economic measure. This tweet will not affect the knowledge of people regarding the virus.","Positive
Reason","The tweet praises the actions of @realDonaldTrump in suspending or eliminating the #payrolltax as a means of enhancing consumer liquidity for working Americans. It does not mention anything negative related to the coronavirus, and it is focused on discussing a positive economic measure. This tweet will not affect the knowledge of people regarding the virus."
"Label: Extremely Negative

Reason: The tweet is cautioning Americans over 60 to stock up on food and medications and avoid venturing out as the coronavirus spreads, which can instill fear, anxiety, and a sense of vulnerability among the elderly population. The tone of the tweet is highly alarming and emphasizes the severity of the situation, warranting the label ""Extremely Negative.""","Extremely Negative

Reason","The tweet is cautioning Americans over 60 to stock up on food and medications and avoid venturing out as the coronavirus spreads, which can instill fear, anxiety, and a sense of vulnerability among the elderly population. The tone of the tweet is highly alarming and emphasizes the severity of the situation, warranting the label ""Extremely Negative."""
"Label: Positive
Reason: The tweet provides information about the impacts of the Coronavirus on the world and the UK container industry, highlighting the importance of understanding the situation. It aims to educate consumers about how the virus is affecting their ability to buy shipping containers. This informative and educational nature of the tweet leans towards a positive sentiment.","Positive
Reason","The tweet provides information about the impacts of the Coronavirus on the world and the UK container industry, highlighting the importance of understanding the situation. It aims to educate consumers about how the virus is affecting their ability to buy shipping containers. This informative and educational nature of the tweet leans towards a positive sentiment."
"Label: ""Extremely Positive""

Reason: The tweet provides important information on how to protect oneself from the virus by washing hands with soap and water or using hand sanitiser. This proactive and helpful advice can contribute positively to raising awareness and preventing the spread of the virus.",Extremely Positive,The tweet provides important information on how to protect oneself from the virus by washing hands with soap and water or using hand sanitiser. This proactive and helpful advice can contribute positively to raising awareness and preventing the spread of the virus.
"Label: Extremely Negative
Reason: The tweet mentions that the coronavirus, COVID-19, and oil price drop will lead to a US recession. This information could potentially instill fear and anxiety in people, as it suggests negative economic consequences and impacts due to the pandemic.","Extremely Negative
Reason","The tweet mentions that the coronavirus, COVID-19, and oil price drop will lead to a US recession. This information could potentially instill fear and anxiety in people, as it suggests negative economic consequences and impacts due to the pandemic."
"""Positive""

Reason: The tweet mentions the term ""Hamsterkufe"" and explains its meaning in the context of panic buying during the COVID-19 pandemic in a light-hearted and informative way. The tone of the tweet is not expressing extreme positivity or negativity, but rather providing interesting information in a light manner. This would likely have a neutral or slightly positive impact on people's knowledge regarding panic buying during the pandemic.",,"The tweet mentions the term ""Hamsterkufe"" and explains its meaning in the context of panic buying during the COVID-19 pandemic in a light-hearted and informative way. The tone of the tweet is not expressing extreme positivity or negativity, but rather providing interesting information in a light manner. This would likely have a neutral or slightly positive impact on people's knowledge regarding panic buying during the pandemic."
"Label: ""Extremely Positive""
Reason: The tweet emphasizes the urgency of providing hand sanitizer in public buildings and transport hubs to combat the COVID-19 crisis. It also advocates for penalizing businesses that raise prices on essential items like hand sanitizer. This proactive approach towards public health and addressing unethical business practices earns it the label of ""Extremely Positive.""",Extremely Positive,"The tweet emphasizes the urgency of providing hand sanitizer in public buildings and transport hubs to combat the COVID-19 crisis. It also advocates for penalizing businesses that raise prices on essential items like hand sanitizer. This proactive approach towards public health and addressing unethical business practices earns it the label of ""Extremely Positive."""
"Label: ""Positive""
Reason: The tweet provides information on what individuals need if quarantined at home during the coronavirus pandemic. This helpful information can potentially increase awareness and preparedness, hence it is labeled as Positive.",Positive,"The tweet provides information on what individuals need if quarantined at home during the coronavirus pandemic. This helpful information can potentially increase awareness and preparedness, hence it is labeled as Positive."
"Label: ""Positive""
Reason: The tweet is promoting an event to showcase new camera models from Fujifilm. It does not mention anything related to the coronavirus or any negative impact. Therefore, it can be classified as a positive sentiment.",Positive,"The tweet is promoting an event to showcase new camera models from Fujifilm. It does not mention anything related to the coronavirus or any negative impact. Therefore, it can be classified as a positive sentiment."
"Label: ""Negative""
Reason: The tweet mentions spiking prices during a state of emergency, which can be seen as taking advantage of the situation caused by the Coronavirus outbreak. This behavior can have a negative impact on people's ability to access essential goods and services during such a critical time, hence considered as negative sentiment.",Negative,"The tweet mentions spiking prices during a state of emergency, which can be seen as taking advantage of the situation caused by the Coronavirus outbreak. This behavior can have a negative impact on people's ability to access essential goods and services during such a critical time, hence considered as negative sentiment."
"Label: Negative

Reason: The tweet does not provide any positive or extremely positive sentiment related to the coronavirus. It simply mentions canned food and toilet paper without offering any insight, reassurance, or helpful information to combat the pandemic. Hence, it is labeled as Negative.","Negative

Reason","The tweet does not provide any positive or extremely positive sentiment related to the coronavirus. It simply mentions canned food and toilet paper without offering any insight, reassurance, or helpful information to combat the pandemic. Hence, it is labeled as Negative."
